Filter_Group,Filter_Value,Recommended_WP_Go_Maps_Setup
Education Sector,Catholic,Create as marker custom-field option and enable filtering in WP Go Maps Marker Fields settings.
Education Sector,Government,Create as marker custom-field option and enable filtering in WP Go Maps Marker Fields settings.
Education Sector,Independent,Create as marker custom-field option and enable filtering in WP Go Maps Marker Fields settings.
School Type,Language,Create as marker custom-field option and enable filtering in WP Go Maps Marker Fields settings.
School Type,Pri/Sec,Create as marker custom-field option and enable filtering in WP Go Maps Marker Fields settings.
School Type,Primary,Create as marker custom-field option and enable filtering in WP Go Maps Marker Fields settings.
School Type,Secondary,Create as marker custom-field option and enable filtering in WP Go Maps Marker Fields settings.
School Type,Special,Create as marker custom-field option and enable filtering in WP Go Maps Marker Fields settings.
Area,Inner Eastern Melbourne,Create as marker custom-field option and enable filtering in WP Go Maps Marker Fields settings.
Area,North Eastern Melbourne,Create as marker custom-field option and enable filtering in WP Go Maps Marker Fields settings.
Area,Outer Eastern Melbourne,Create as marker custom-field option and enable filtering in WP Go Maps Marker Fields settings.
Area,Southern Melbourne,Create as marker custom-field option and enable filtering in WP Go Maps Marker Fields settings.
Area,Western Melbourne,Create as marker custom-field option and enable filtering in WP Go Maps Marker Fields settings.
Suburb,Abbotsford,Create as marker custom-field option and enable filtering in WP Go Maps Marker Fields settings.
Suburb,Aberfeldie,Create as marker custom-field option and enable filtering in WP Go Maps Marker Fields settings.
Suburb,Airport West,Create as marker custom-field option and enable filtering in WP Go Maps Marker Fields settings.
Suburb,Alphington,Create as marker custom-field option and enable filtering in WP Go Maps Marker Fields settings.
Suburb,Altona,Create as marker custom-field option and enable filtering in WP Go Maps Marker Fields settings.
Suburb,Altona Meadows,Create as marker custom-field option and enable filtering in WP Go Maps Marker Fields settings.
Suburb,Altona North,Create as marker custom-field option and enable filtering in WP Go Maps Marker Fields settings.
Suburb,Arthurs Creek,Create as marker custom-field option and enable filtering in WP Go Maps Marker Fields settings.
Suburb,Ascot Vale,Create as marker custom-field option and enable filtering in WP Go Maps Marker Fields settings.
Suburb,Ashburton,Create as marker custom-field option and enable filtering in WP Go Maps Marker Fields settings.
Suburb,Ashwood,Create as marker custom-field option and enable filtering in WP Go Maps Marker Fields settings.
Suburb,Avondale Heights,Create as marker custom-field option and enable filtering in WP Go Maps Marker Fields settings.
Suburb,Balwyn,Create as marker custom-field option and enable filtering in WP Go Maps Marker Fields settings.
Suburb,Balwyn North,Create as marker custom-field option and enable filtering in WP Go Maps Marker Fields settings.
Suburb,Bangholme,Create as marker custom-field option and enable filtering in WP Go Maps Marker Fields settings.
Suburb,Bayles,Create as marker custom-field option and enable filtering in WP Go Maps Marker Fields settings.
Suburb,Bayswater,Create as marker custom-field option and enable filtering in WP Go Maps Marker Fields settings.
Suburb,Bayswater North,Create as marker custom-field option and enable filtering in WP Go Maps Marker Fields settings.
Suburb,Beaconsfield,Create as marker custom-field option and enable filtering in WP Go Maps Marker Fields settings.
Suburb,Beaconsfield Upper,Create as marker custom-field option and enable filtering in WP Go Maps Marker Fields settings.
Suburb,Belgrave,Create as marker custom-field option and enable filtering in WP Go Maps Marker Fields settings.
Suburb,Belgrave Heights,Create as marker custom-field option and enable filtering in WP Go Maps Marker Fields settings.
Suburb,Belgrave South,Create as marker custom-field option and enable filtering in WP Go Maps Marker Fields settings.
Suburb,Bellfield,Create as marker custom-field option and enable filtering in WP Go Maps Marker Fields settings.
Suburb,Bennettswood,Create as marker custom-field option and enable filtering in WP Go Maps Marker Fields settings.
Suburb,Berwick,Create as marker custom-field option and enable filtering in WP Go Maps Marker Fields settings.
Suburb,Blackburn,Create as marker custom-field option and enable filtering in WP Go Maps Marker Fields settings.
Suburb,Blackburn North,Create as marker custom-field option and enable filtering in WP Go Maps Marker Fields settings.
Suburb,Blackburn South,Create as marker custom-field option and enable filtering in WP Go Maps Marker Fields settings.
Suburb,Boronia,Create as marker custom-field option and enable filtering in WP Go Maps Marker Fields settings.
Suburb,Botanic Ridge,Create as marker custom-field option and enable filtering in WP Go Maps Marker Fields settings.
Suburb,Box Hill,Create as marker custom-field option and enable filtering in WP Go Maps Marker Fields settings.
Suburb,Box Hill North,Create as marker custom-field option and enable filtering in WP Go Maps Marker Fields settings.
Suburb,Box Hill South,Create as marker custom-field option and enable filtering in WP Go Maps Marker Fields settings.
Suburb,Braybrook,Create as marker custom-field option and enable filtering in WP Go Maps Marker Fields settings.
Suburb,Briar Hill,Create as marker custom-field option and enable filtering in WP Go Maps Marker Fields settings.
Suburb,Brooklyn,Create as marker custom-field option and enable filtering in WP Go Maps Marker Fields settings.
Suburb,Bulleen,Create as marker custom-field option and enable filtering in WP Go Maps Marker Fields settings.
Suburb,Bundoora,Create as marker custom-field option and enable filtering in WP Go Maps Marker Fields settings.
Suburb,Bunyip,Create as marker custom-field option and enable filtering in WP Go Maps Marker Fields settings.
Suburb,Burwood,Create as marker custom-field option and enable filtering in WP Go Maps Marker Fields settings.
Suburb,Burwood East,Create as marker custom-field option and enable filtering in WP Go Maps Marker Fields settings.
Suburb,Camberwell,Create as marker custom-field option and enable filtering in WP Go Maps Marker Fields settings.
Suburb,Camberwell East,Create as marker custom-field option and enable filtering in WP Go Maps Marker Fields settings.
Suburb,Canterbury,Create as marker custom-field option and enable filtering in WP Go Maps Marker Fields settings.
Suburb,Cardinia,Create as marker custom-field option and enable filtering in WP Go Maps Marker Fields settings.
Suburb,Carlton,Create as marker custom-field option and enable filtering in WP Go Maps Marker Fields settings.
Suburb,Carlton North,Create as marker custom-field option and enable filtering in WP Go Maps Marker Fields settings.
Suburb,Chadstone,Create as marker custom-field option and enable filtering in WP Go Maps Marker Fields settings.
Suburb,Chirnside Park,Create as marker custom-field option and enable filtering in WP Go Maps Marker Fields settings.
Suburb,Christmas Hills,Create as marker custom-field option and enable filtering in WP Go Maps Marker Fields settings.
Suburb,Chum Creek,Create as marker custom-field option and enable filtering in WP Go Maps Marker Fields settings.
Suburb,Clayton,Create as marker custom-field option and enable filtering in WP Go Maps Marker Fields settings.
Suburb,Clifton Hill,Create as marker custom-field option and enable filtering in WP Go Maps Marker Fields settings.
Suburb,Clyde,Create as marker custom-field option and enable filtering in WP Go Maps Marker Fields settings.
Suburb,Clyde North,Create as marker custom-field option and enable filtering in WP Go Maps Marker Fields settings.
Suburb,Cockatoo,Create as marker custom-field option and enable filtering in WP Go Maps Marker Fields settings.
Suburb,Coldstream,Create as marker custom-field option and enable filtering in WP Go Maps Marker Fields settings.
Suburb,Collingwood,Create as marker custom-field option and enable filtering in WP Go Maps Marker Fields settings.
Suburb,Cottles Bridge,Create as marker custom-field option and enable filtering in WP Go Maps Marker Fields settings.
Suburb,Cranbourne,Create as marker custom-field option and enable filtering in WP Go Maps Marker Fields settings.
Suburb,Cranbourne East,Create as marker custom-field option and enable filtering in WP Go Maps Marker Fields settings.
Suburb,Cranbourne North,Create as marker custom-field option and enable filtering in WP Go Maps Marker Fields settings.
Suburb,Cranbourne South,Create as marker custom-field option and enable filtering in WP Go Maps Marker Fields settings.
Suburb,Cranbourne West,Create as marker custom-field option and enable filtering in WP Go Maps Marker Fields settings.
Suburb,Croydon,Create as marker custom-field option and enable filtering in WP Go Maps Marker Fields settings.
Suburb,Croydon Hills,Create as marker custom-field option and enable filtering in WP Go Maps Marker Fields settings.
Suburb,Croydon North,Create as marker custom-field option and enable filtering in WP Go Maps Marker Fields settings.
Suburb,Croydon South,Create as marker custom-field option and enable filtering in WP Go Maps Marker Fields settings.
Suburb,Dandenong,Create as marker custom-field option and enable filtering in WP Go Maps Marker Fields settings.
Suburb,Dandenong North,Create as marker custom-field option and enable filtering in WP Go Maps Marker Fields settings.
Suburb,Deepdene,Create as marker custom-field option and enable filtering in WP Go Maps Marker Fields settings.
Suburb,Devon Meadows,Create as marker custom-field option and enable filtering in WP Go Maps Marker Fields settings.
Suburb,Diamond Creek,Create as marker custom-field option and enable filtering in WP Go Maps Marker Fields settings.
Suburb,Docklands,Create as marker custom-field option and enable filtering in WP Go Maps Marker Fields settings.
Suburb,Don Valley,Create as marker custom-field option and enable filtering in WP Go Maps Marker Fields settings.
Suburb,Doncaster,Create as marker custom-field option and enable filtering in WP Go Maps Marker Fields settings.
Suburb,Doncaster East,Create as marker custom-field option and enable filtering in WP Go Maps Marker Fields settings.
Suburb,Donnybrook,Create as marker custom-field option and enable filtering in WP Go Maps Marker Fields settings.
Suburb,Donvale,Create as marker custom-field option and enable filtering in WP Go Maps Marker Fields settings.
Suburb,Doreen,Create as marker custom-field option and enable filtering in WP Go Maps Marker Fields settings.
Suburb,Doveton,Create as marker custom-field option and enable filtering in WP Go Maps Marker Fields settings.
Suburb,East Preston,Create as marker custom-field option and enable filtering in WP Go Maps Marker Fields settings.
Suburb,Eltham,Create as marker custom-field option and enable filtering in WP Go Maps Marker Fields settings.
Suburb,Eltham North,Create as marker custom-field option and enable filtering in WP Go Maps Marker Fields settings.
Suburb,Emerald,Create as marker custom-field option and enable filtering in WP Go Maps Marker Fields settings.
Suburb,Endeavour Hills,Create as marker custom-field option and enable filtering in WP Go Maps Marker Fields settings.
Suburb,Epping,Create as marker custom-field option and enable filtering in WP Go Maps Marker Fields settings.
Suburb,Epping North,Create as marker custom-field option and enable filtering in WP Go Maps Marker Fields settings.
Suburb,Essendon,Create as marker custom-field option and enable filtering in WP Go Maps Marker Fields settings.
Suburb,Essendon North,Create as marker custom-field option and enable filtering in WP Go Maps Marker Fields settings.
Suburb,Fairfield,Create as marker custom-field option and enable filtering in WP Go Maps Marker Fields settings.
Suburb,Ferntree Gully,Create as marker custom-field option and enable filtering in WP Go Maps Marker Fields settings.
Suburb,Ferny Creek,Create as marker custom-field option and enable filtering in WP Go Maps Marker Fields settings.
Suburb,Fitzroy,Create as marker custom-field option and enable filtering in WP Go Maps Marker Fields settings.
Suburb,Fitzroy North,Create as marker custom-field option and enable filtering in WP Go Maps Marker Fields settings.
Suburb,Flemington,Create as marker custom-field option and enable filtering in WP Go Maps Marker Fields settings.
Suburb,Footscray,Create as marker custom-field option and enable filtering in WP Go Maps Marker Fields settings.
Suburb,Forest Hill,Create as marker custom-field option and enable filtering in WP Go Maps Marker Fields settings.
Suburb,Garfield,Create as marker custom-field option and enable filtering in WP Go Maps Marker Fields settings.
Suburb,Gembrook,Create as marker custom-field option and enable filtering in WP Go Maps Marker Fields settings.
Suburb,Gladysdale,Create as marker custom-field option and enable filtering in WP Go Maps Marker Fields settings.
Suburb,Glen Iris,Create as marker custom-field option and enable filtering in WP Go Maps Marker Fields settings.
Suburb,Glen Waverley,Create as marker custom-field option and enable filtering in WP Go Maps Marker Fields settings.
Suburb,Greensborough,Create as marker custom-field option and enable filtering in WP Go Maps Marker Fields settings.
Suburb,Greensborough North,Create as marker custom-field option and enable filtering in WP Go Maps Marker Fields settings.
Suburb,Hallam,Create as marker custom-field option and enable filtering in WP Go Maps Marker Fields settings.
Suburb,Hampton Park,Create as marker custom-field option and enable filtering in WP Go Maps Marker Fields settings.
Suburb,Harkaway,Create as marker custom-field option and enable filtering in WP Go Maps Marker Fields settings.
Suburb,Hawthorn,Create as marker custom-field option and enable filtering in WP Go Maps Marker Fields settings.
Suburb,Hawthorn East,Create as marker custom-field option and enable filtering in WP Go Maps Marker Fields settings.
Suburb,Healesville,Create as marker custom-field option and enable filtering in WP Go Maps Marker Fields settings.
Suburb,Heathmont,Create as marker custom-field option and enable filtering in WP Go Maps Marker Fields settings.
Suburb,Heidelberg,Create as marker custom-field option and enable filtering in WP Go Maps Marker Fields settings.
Suburb,Heidelberg West,Create as marker custom-field option and enable filtering in WP Go Maps Marker Fields settings.
Suburb,Hoddles Creek,Create as marker custom-field option and enable filtering in WP Go Maps Marker Fields settings.
Suburb,Hoppers Crossing,Create as marker custom-field option and enable filtering in WP Go Maps Marker Fields settings.
Suburb,Hoppers Crossing North,Create as marker custom-field option and enable filtering in WP Go Maps Marker Fields settings.
Suburb,Hughesdale,Create as marker custom-field option and enable filtering in WP Go Maps Marker Fields settings.
Suburb,Hurstbridge,Create as marker custom-field option and enable filtering in WP Go Maps Marker Fields settings.
Suburb,Ivanhoe,Create as marker custom-field option and enable filtering in WP Go Maps Marker Fields settings.
Suburb,Ivanhoe East,Create as marker custom-field option and enable filtering in WP Go Maps Marker Fields settings.
Suburb,Ivanhoe West,Create as marker custom-field option and enable filtering in WP Go Maps Marker Fields settings.
Suburb,Kallista,Create as marker custom-field option and enable filtering in WP Go Maps Marker Fields settings.
Suburb,Kangaroo Ground,Create as marker custom-field option and enable filtering in WP Go Maps Marker Fields settings.
Suburb,Keilor East,Create as marker custom-field option and enable filtering in WP Go Maps Marker Fields settings.
Suburb,Kensington,Create as marker custom-field option and enable filtering in WP Go Maps Marker Fields settings.
Suburb,Kew,Create as marker custom-field option and enable filtering in WP Go Maps Marker Fields settings.
Suburb,Kew East,Create as marker custom-field option and enable filtering in WP Go Maps Marker Fields settings.
Suburb,Keysborough,Create as marker custom-field option and enable filtering in WP Go Maps Marker Fields settings.
Suburb,Kilsyth,Create as marker custom-field option and enable filtering in WP Go Maps Marker Fields settings.
Suburb,Kingsbury,Create as marker custom-field option and enable filtering in WP Go Maps Marker Fields settings.
Suburb,Kingsville,Create as marker custom-field option and enable filtering in WP Go Maps Marker Fields settings.
Suburb,Knoxfield,Create as marker custom-field option and enable filtering in WP Go Maps Marker Fields settings.
Suburb,Koo Wee Rup,Create as marker custom-field option and enable filtering in WP Go Maps Marker Fields settings.
Suburb,Lalor,Create as marker custom-field option and enable filtering in WP Go Maps Marker Fields settings.
Suburb,Lalor West,Create as marker custom-field option and enable filtering in WP Go Maps Marker Fields settings.
Suburb,Lang Lang,Create as marker custom-field option and enable filtering in WP Go Maps Marker Fields settings.
Suburb,Launching Place,Create as marker custom-field option and enable filtering in WP Go Maps Marker Fields settings.
Suburb,Laverton,Create as marker custom-field option and enable filtering in WP Go Maps Marker Fields settings.
Suburb,Lilydale,Create as marker custom-field option and enable filtering in WP Go Maps Marker Fields settings.
Suburb,Little River,Create as marker custom-field option and enable filtering in WP Go Maps Marker Fields settings.
Suburb,Lower Plenty,Create as marker custom-field option and enable filtering in WP Go Maps Marker Fields settings.
Suburb,Lower Templestowe,Create as marker custom-field option and enable filtering in WP Go Maps Marker Fields settings.
Suburb,Lynbrook,Create as marker custom-field option and enable filtering in WP Go Maps Marker Fields settings.
Suburb,Lyndhurst,Create as marker custom-field option and enable filtering in WP Go Maps Marker Fields settings.
Suburb,Lysterfield,Create as marker custom-field option and enable filtering in WP Go Maps Marker Fields settings.
Suburb,Macclesfield,Create as marker custom-field option and enable filtering in WP Go Maps Marker Fields settings.
Suburb,Macleod,Create as marker custom-field option and enable filtering in WP Go Maps Marker Fields settings.
Suburb,Macleod West,Create as marker custom-field option and enable filtering in WP Go Maps Marker Fields settings.
Suburb,Mambourin,Create as marker custom-field option and enable filtering in WP Go Maps Marker Fields settings.
Suburb,Manor Lakes,Create as marker custom-field option and enable filtering in WP Go Maps Marker Fields settings.
Suburb,Maribyrnong,Create as marker custom-field option and enable filtering in WP Go Maps Marker Fields settings.
Suburb,Melbourne,Create as marker custom-field option and enable filtering in WP Go Maps Marker Fields settings.
Suburb,Menzies Creek,Create as marker custom-field option and enable filtering in WP Go Maps Marker Fields settings.
Suburb,Mernda,Create as marker custom-field option and enable filtering in WP Go Maps Marker Fields settings.
Suburb,Mill Park,Create as marker custom-field option and enable filtering in WP Go Maps Marker Fields settings.
Suburb,Millgrove,Create as marker custom-field option and enable filtering in WP Go Maps Marker Fields settings.
Suburb,Mitcham,Create as marker custom-field option and enable filtering in WP Go Maps Marker Fields settings.
Suburb,Monbulk,Create as marker custom-field option and enable filtering in WP Go Maps Marker Fields settings.
Suburb,Mont Albert,Create as marker custom-field option and enable filtering in WP Go Maps Marker Fields settings.
Suburb,Mont Albert North,Create as marker custom-field option and enable filtering in WP Go Maps Marker Fields settings.
Suburb,Montmorency,Create as marker custom-field option and enable filtering in WP Go Maps Marker Fields settings.
Suburb,Montrose,Create as marker custom-field option and enable filtering in WP Go Maps Marker Fields settings.
Suburb,Moonee Ponds,Create as marker custom-field option and enable filtering in WP Go Maps Marker Fields settings.
Suburb,Mooroolbark,Create as marker custom-field option and enable filtering in WP Go Maps Marker Fields settings.
Suburb,Mount Dandenong,Create as marker custom-field option and enable filtering in WP Go Maps Marker Fields settings.
Suburb,Mount Evelyn,Create as marker custom-field option and enable filtering in WP Go Maps Marker Fields settings.
Suburb,Mount Waverley,Create as marker custom-field option and enable filtering in WP Go Maps Marker Fields settings.
Suburb,Mt Waverley,Create as marker custom-field option and enable filtering in WP Go Maps Marker Fields settings.
Suburb,Mulgrave,Create as marker custom-field option and enable filtering in WP Go Maps Marker Fields settings.
Suburb,Nar Nar Goon,Create as marker custom-field option and enable filtering in WP Go Maps Marker Fields settings.
Suburb,Narre  Warren  North,Create as marker custom-field option and enable filtering in WP Go Maps Marker Fields settings.
Suburb,Narre Warren,Create as marker custom-field option and enable filtering in WP Go Maps Marker Fields settings.
Suburb,Narre Warren North,Create as marker custom-field option and enable filtering in WP Go Maps Marker Fields settings.
Suburb,Narre Warren South,Create as marker custom-field option and enable filtering in WP Go Maps Marker Fields settings.
Suburb,Newport,Create as marker custom-field option and enable filtering in WP Go Maps Marker Fields settings.
Suburb,Niddrie,Create as marker custom-field option and enable filtering in WP Go Maps Marker Fields settings.
Suburb,Noble Park,Create as marker custom-field option and enable filtering in WP Go Maps Marker Fields settings.
Suburb,Noble Park North,Create as marker custom-field option and enable filtering in WP Go Maps Marker Fields settings.
Suburb,North Fitzroy,Create as marker custom-field option and enable filtering in WP Go Maps Marker Fields settings.
Suburb,North Melbourne,Create as marker custom-field option and enable filtering in WP Go Maps Marker Fields settings.
Suburb,Northcote,Create as marker custom-field option and enable filtering in WP Go Maps Marker Fields settings.
Suburb,Nunawading,Create as marker custom-field option and enable filtering in WP Go Maps Marker Fields settings.
Suburb,Oakleigh,Create as marker custom-field option and enable filtering in WP Go Maps Marker Fields settings.
Suburb,Oakleigh East,Create as marker custom-field option and enable filtering in WP Go Maps Marker Fields settings.
Suburb,Oakleigh South,Create as marker custom-field option and enable filtering in WP Go Maps Marker Fields settings.
Suburb,Officer,Create as marker custom-field option and enable filtering in WP Go Maps Marker Fields settings.
Suburb,Olinda,Create as marker custom-field option and enable filtering in WP Go Maps Marker Fields settings.
Suburb,Pakenham,Create as marker custom-field option and enable filtering in WP Go Maps Marker Fields settings.
Suburb,Panton Hill,Create as marker custom-field option and enable filtering in WP Go Maps Marker Fields settings.
Suburb,Park Orchards,Create as marker custom-field option and enable filtering in WP Go Maps Marker Fields settings.
Suburb,Parkville,Create as marker custom-field option and enable filtering in WP Go Maps Marker Fields settings.
Suburb,Point Cook,Create as marker custom-field option and enable filtering in WP Go Maps Marker Fields settings.
Suburb,Preston,Create as marker custom-field option and enable filtering in WP Go Maps Marker Fields settings.
Suburb,Preston East,Create as marker custom-field option and enable filtering in WP Go Maps Marker Fields settings.
Suburb,Preston West,Create as marker custom-field option and enable filtering in WP Go Maps Marker Fields settings.
Suburb,Princes Hill,Create as marker custom-field option and enable filtering in WP Go Maps Marker Fields settings.
Suburb,Research,Create as marker custom-field option and enable filtering in WP Go Maps Marker Fields settings.
Suburb,Reservoir,Create as marker custom-field option and enable filtering in WP Go Maps Marker Fields settings.
Suburb,Reservoir North,Create as marker custom-field option and enable filtering in WP Go Maps Marker Fields settings.
Suburb,Richmond,Create as marker custom-field option and enable filtering in WP Go Maps Marker Fields settings.
Suburb,Ringwood,Create as marker custom-field option and enable filtering in WP Go Maps Marker Fields settings.
Suburb,Ringwood East,Create as marker custom-field option and enable filtering in WP Go Maps Marker Fields settings.
Suburb,Ringwood North,Create as marker custom-field option and enable filtering in WP Go Maps Marker Fields settings.
Suburb,Rosanna,Create as marker custom-field option and enable filtering in WP Go Maps Marker Fields settings.
Suburb,Rowville,Create as marker custom-field option and enable filtering in WP Go Maps Marker Fields settings.
Suburb,Sassafras,Create as marker custom-field option and enable filtering in WP Go Maps Marker Fields settings.
Suburb,Scoresby,Create as marker custom-field option and enable filtering in WP Go Maps Marker Fields settings.
Suburb,Seabrook,Create as marker custom-field option and enable filtering in WP Go Maps Marker Fields settings.
Suburb,Seaholme,Create as marker custom-field option and enable filtering in WP Go Maps Marker Fields settings.
Suburb,Selby,Create as marker custom-field option and enable filtering in WP Go Maps Marker Fields settings.
Suburb,Seville,Create as marker custom-field option and enable filtering in WP Go Maps Marker Fields settings.
Suburb,Silvan,Create as marker custom-field option and enable filtering in WP Go Maps Marker Fields settings.
Suburb,South Morang,Create as marker custom-field option and enable filtering in WP Go Maps Marker Fields settings.
Suburb,South Yarra,Create as marker custom-field option and enable filtering in WP Go Maps Marker Fields settings.
Suburb,Southbank,Create as marker custom-field option and enable filtering in WP Go Maps Marker Fields settings.
Suburb,Spotswood,Create as marker custom-field option and enable filtering in WP Go Maps Marker Fields settings.
Suburb,Springvale,Create as marker custom-field option and enable filtering in WP Go Maps Marker Fields settings.
Suburb,Springvale South,Create as marker custom-field option and enable filtering in WP Go Maps Marker Fields settings.
Suburb,St Andrews,Create as marker custom-field option and enable filtering in WP Go Maps Marker Fields settings.
Suburb,St Helena,Create as marker custom-field option and enable filtering in WP Go Maps Marker Fields settings.
Suburb,Strathewen,Create as marker custom-field option and enable filtering in WP Go Maps Marker Fields settings.
Suburb,Strathmore,Create as marker custom-field option and enable filtering in WP Go Maps Marker Fields settings.
Suburb,Surrey Hills,Create as marker custom-field option and enable filtering in WP Go Maps Marker Fields settings.
Suburb,Tarneit,Create as marker custom-field option and enable filtering in WP Go Maps Marker Fields settings.
Suburb,Tarneit North,Create as marker custom-field option and enable filtering in WP Go Maps Marker Fields settings.
Suburb,Tecoma,Create as marker custom-field option and enable filtering in WP Go Maps Marker Fields settings.
Suburb,Templestowe,Create as marker custom-field option and enable filtering in WP Go Maps Marker Fields settings.
Suburb,Templestowe Lower,Create as marker custom-field option and enable filtering in WP Go Maps Marker Fields settings.
Suburb,The Basin,Create as marker custom-field option and enable filtering in WP Go Maps Marker Fields settings.
Suburb,The Patch,Create as marker custom-field option and enable filtering in WP Go Maps Marker Fields settings.
Suburb,Thomastown,Create as marker custom-field option and enable filtering in WP Go Maps Marker Fields settings.
Suburb,Thomastown East,Create as marker custom-field option and enable filtering in WP Go Maps Marker Fields settings.
Suburb,Thomastown West,Create as marker custom-field option and enable filtering in WP Go Maps Marker Fields settings.
Suburb,Thornbury,Create as marker custom-field option and enable filtering in WP Go Maps Marker Fields settings.
Suburb,Thornbury East,Create as marker custom-field option and enable filtering in WP Go Maps Marker Fields settings.
Suburb,Toolangi,Create as marker custom-field option and enable filtering in WP Go Maps Marker Fields settings.
Suburb,Tooradin,Create as marker custom-field option and enable filtering in WP Go Maps Marker Fields settings.
Suburb,Truganina,Create as marker custom-field option and enable filtering in WP Go Maps Marker Fields settings.
Suburb,Truganina South,Create as marker custom-field option and enable filtering in WP Go Maps Marker Fields settings.
Suburb,Tynong,Create as marker custom-field option and enable filtering in WP Go Maps Marker Fields settings.
Suburb,Upper Ferntree Gully,Create as marker custom-field option and enable filtering in WP Go Maps Marker Fields settings.
Suburb,Upwey,Create as marker custom-field option and enable filtering in WP Go Maps Marker Fields settings.
Suburb,Vermont,Create as marker custom-field option and enable filtering in WP Go Maps Marker Fields settings.
Suburb,Vermont South,Create as marker custom-field option and enable filtering in WP Go Maps Marker Fields settings.
Suburb,Viewbank,Create as marker custom-field option and enable filtering in WP Go Maps Marker Fields settings.
Suburb,Wandin North,Create as marker custom-field option and enable filtering in WP Go Maps Marker Fields settings.
Suburb,Wantirna,Create as marker custom-field option and enable filtering in WP Go Maps Marker Fields settings.
Suburb,Wantirna South,Create as marker custom-field option and enable filtering in WP Go Maps Marker Fields settings.
Suburb,Warburton,Create as marker custom-field option and enable filtering in WP Go Maps Marker Fields settings.
Suburb,Warrandyte,Create as marker custom-field option and enable filtering in WP Go Maps Marker Fields settings.
Suburb,Warranwood,Create as marker custom-field option and enable filtering in WP Go Maps Marker Fields settings.
Suburb,Watsonia,Create as marker custom-field option and enable filtering in WP Go Maps Marker Fields settings.
Suburb,Watsonia North,Create as marker custom-field option and enable filtering in WP Go Maps Marker Fields settings.
Suburb,Wattle Glen,Create as marker custom-field option and enable filtering in WP Go Maps Marker Fields settings.
Suburb,Werribee,Create as marker custom-field option and enable filtering in WP Go Maps Marker Fields settings.
Suburb,Werribee North,Create as marker custom-field option and enable filtering in WP Go Maps Marker Fields settings.
Suburb,Wesburn,Create as marker custom-field option and enable filtering in WP Go Maps Marker Fields settings.
Suburb,West Footscray,Create as marker custom-field option and enable filtering in WP Go Maps Marker Fields settings.
Suburb,West Melbourne,Create as marker custom-field option and enable filtering in WP Go Maps Marker Fields settings.
Suburb,Wheelers Hill,Create as marker custom-field option and enable filtering in WP Go Maps Marker Fields settings.
Suburb,Whittlesea,Create as marker custom-field option and enable filtering in WP Go Maps Marker Fields settings.
Suburb,Williamstown,Create as marker custom-field option and enable filtering in WP Go Maps Marker Fields settings.
Suburb,Wollert,Create as marker custom-field option and enable filtering in WP Go Maps Marker Fields settings.
Suburb,Wollert West,Create as marker custom-field option and enable filtering in WP Go Maps Marker Fields settings.
Suburb,Wonga Park,Create as marker custom-field option and enable filtering in WP Go Maps Marker Fields settings.
Suburb,Woori Yallock,Create as marker custom-field option and enable filtering in WP Go Maps Marker Fields settings.
Suburb,Wyndham Vale,Create as marker custom-field option and enable filtering in WP Go Maps Marker Fields settings.
Suburb,Yallambie,Create as marker custom-field option and enable filtering in WP Go Maps Marker Fields settings.
Suburb,Yarra Glen,Create as marker custom-field option and enable filtering in WP Go Maps Marker Fields settings.
Suburb,Yarra Junction,Create as marker custom-field option and enable filtering in WP Go Maps Marker Fields settings.
Suburb,Yarrambat,Create as marker custom-field option and enable filtering in WP Go Maps Marker Fields settings.
Suburb,Yarraville,Create as marker custom-field option and enable filtering in WP Go Maps Marker Fields settings.
Suburb,Yering,Create as marker custom-field option and enable filtering in WP Go Maps Marker Fields settings.
Nearest Six Secondary,Yes,Create as marker custom-field option and enable filtering in WP Go Maps Marker Fields settings.
Nearest Six Secondary,No,Create as marker custom-field option and enable filtering in WP Go Maps Marker Fields settings.
